item,itemLabel,startDate,endDate,psid
Q10862300,Шустік Олена Юріївна,2006-05-25,2007-06-14,Q10862300-148f73f4-4bfa-4840-975a-cf8c1b98842f
Q11285342,Деркач Андрій Леонідович,2006-05-25,2006-11-02,Q11285342-b1710535-407d-444c-65dc-66ce74745b13
Q11725999,Гірник Євген Олексійович,2006-05-25,2007-06-08,Q11725999-e5eeb316-4cc0-1da6-f6eb-7c1551954dc4
Q11726010,Гєллєр Євгеній Борисович,2006-05-25,2007-11-23,Q11726010-945fcc73-403f-a94f-9584-b07eb42a3679
Q11729544,Юрій Святославович Кічатий,2007-01-12,2007-11-23,Q11729544-341EF40F-D46B-48EC-974A-19DFCDD87037
Q11729549,Ключковський Юрій Богданович,2006-05-25,2007-06-15,Q11729549-c44c51f0-4e13-3426-7a43-aea104917595
Q11756813,Григорович Лілія Степанівна,2006-05-25,2007-06-08,Q11756813-6fb4447c-4c5f-4043-8192-6389c2d0f1ed
Q11787492,Гладій Михайло Васильович,2006-05-25,2007-11-23,Q11787492-d1ad5767-438e-a557-8864-773e0d577a33
Q11787557,Джига Микола Васильович,2006-05-25,2007-11-23,Q11787557-c9269154-413d-5d79-f8a4-7e8c4f41894a
Q11801422,Баранівський Олександр Петрович,2006-05-25,2007-11-23,Q11801422-9ecf9d55-45a0-66fa-c73d-f40309bc9dd7
Q11801423,Буряк Олександр Васильович,2006-05-25,2007-06-15,Q11801423-12b83ec2-49a4-6616-dc43-8d0b75cc35c4
Q11801490,Ледида Олександр Олександрович,2006-05-25,2007-11-23,Q11801490-a59bd39c-4927-bbbe-4485-09cee5c0335b
Q11814662,Жебрівський Павло Іванович,2006-05-25,2007-06-08,Q11814662-840670c9-407c-81c3-ffd4-0ce0ff898857
Q1191005,Вінський Йосип Вікентійович,2006-05-25,2007-11-23,Q1191005-74a2419f-41c9-b13d-ebdf-13dbc3bab888
Q12073172,Євтухов Василь Іванович,2006-05-25,2007-11-23,Q12073172-8d3bc683-4e61-4bd1-ef8e-41784e698be7
Q12073200,Єгоренко Тамара Василівна,2006-10-17,2007-11-23,Q12073200-d5b85f85-4d97-5ef6-8c03-b70ce00794b5
Q12073727,Іванов Володимир Михайлович,2006-05-25,2007-11-23,Q12073727-9b2f6d7a-4443-590e-d761-5281c32ad252
Q12074201,Ілляшов Григорій Олексійович,2006-05-25,2007-11-23,Q12074201-103baf53-4d7d-eb49-1a81-d38576e283be
Q12075017,Ісаєв Леонід Олексійович,2006-05-25,2007-11-23,Q12075017-7bb9f650-4dce-d51f-8e0a-a60d44c5ccaf
Q12078281,Андрос Сергій Олександрович,2006-05-25,2007-11-23,Q12078281-d9b4d780-4eb8-fc60-4775-e126c160b954
Q12078533,Антемюк Анатолій Дмитрович,2006-05-25,2007-05-09,Q12078533-66206d61-4b46-e561-cbf8-856652c7eeee
Q12078566,Антипенко Ірина Вікторівна,2006-05-25,2007-11-23,Q12078566-27cbbba5-4485-386d-57d9-b280793fbab4
Q12078744,Антіпов Олег Миколайович,2006-05-25,2007-11-23,Q12078744-adbd6506-4e22-61c2-1475-00718c7b7298
Q12082366,Берташ Василь Михайлович,2006-05-25,2007-11-23,Q12082366-a2a58609-4815-5f95-d29c-c8cf672bdb5a
Q12082415,Беспалий Борис Якович,2006-05-25,2007-11-23,Q12082415-64a53a6d-4f7a-79be-ac7a-5b2ab2380d69
Q12083187,Богачук Василь Степанович,2006-09-14,2007-11-23,Q12083187-776f0208-47ce-02b3-9938-1451b64a34fe
Q12083189,Богашева Наталія Владиславівна,2006-05-25,2007-06-15,Q12083189-4cdc6155-483f-c665-fcd8-61f68dd0f49a
Q12083761,Болдирєв Юрій Олександрович,2006-05-25,2007-11-23,Q12083761-ecc05e5f-4d13-7259-8394-4f52b2c60a42
Q12083848,Бондар Володимир Олексійович,2006-05-25,2007-11-23,Q12083848-cfbb6150-409b-dc47-c6af-e42e07efc21c
Q12083905,Бондарчук Іван Миколайович,2006-05-25,2007-11-23,Q12083905-e4b857c4-43f1-9b70-e907-582409e201a7
Q12084026,Борзих Олександр Іванович,2006-05-25,2007-11-23,Q12084026-91d3a9f8-4b99-f7dc-27f3-760ee9be368e
Q12084239,Борт Віталій Петрович,2006-05-25,2007-11-23,Q12084239-9640934b-421c-fadc-2d60-2560c02c8499
Q12084289,Борщевський Віктор Валентинович,2006-05-25,2007-11-23,Q12084289-582c78f3-46aa-9c46-9076-8ac41cc3a0f3
Q12085243,Буджерак Олександр Олександрович,2006-05-25,2007-06-12,Q12085243-288c2619-403c-facd-c13a-0500c878c111
Q12085603,Бульба Степан Степанович,2006-05-25,2007-11-23,Q12085603-8a3d9ad1-4cf4-ddb1-73b0-7c1a9c036bb0
Q12086198,Біба Василь Тимофійович,2006-05-25,2007-05-24,Q12086198-fee4a00d-478b-6878-cf9f-69c9bd0f522b
Q12087092,В'язівський Володимир Михайлович,2006-05-25,2007-06-08,Q12087092-9682b552-4aa2-26c7-8179-de8ccc18772c
Q12087964,Васильєв Олександр Андрійович,2006-05-25,2007-11-23,Q12087964-911ce992-4246-9e41-2e54-def7e852027b
Q12088767,Вернидубов Іван Васильович,2006-05-25,2007-11-23,Q12088767-b8e4142a-40ee-fa6e-b2b4-0e51cb549bb3
Q12088928,Вершиніна Інга Станіславівна,2006-05-25,2007-11-23,Q12088928-ba2d66fd-4997-0014-d681-2c9de7ebcd33
Q12089036,Вечерко Володимир Миколайович,2006-05-25,2007-11-23,Q12089036-46325754-4f79-fc02-d9c6-85a259478baf
Q12090717,Воротнюк Ігор Борисович,2006-05-25,2007-06-12,Q12090717-ba9f812b-4043-f185-21a2-d11c1797d91b
Q12093533,Вітенко Олена Андріївна,2006-05-25,2007-11-23,Q12093533-9641cf74-470e-cdf1-5e7b-e11ad368cbf6
Q12094377,Гармаш Галина Федорівна,2006-05-25,2007-11-23,Q12094377-93a4f067-42f2-cac8-8240-f6bfaaf51d12
Q12094427,Гасюк Петро Петрович,2006-05-25,2007-06-12,Q12094427-b3923aa9-434f-28a3-09f7-0fe9659bfe38
Q12096180,Глусь Степан Карлович,2006-05-25,2007-06-15,Q12096180-139dc8c3-473b-ecbc-c153-f5373a6d78c4
Q12096268,Гнатенко Лев Миколайович,2006-05-25,2007-11-23,Q12096268-639a739e-44d8-7661-9162-9f3f1f2e0aa2
Q12096278,Гнаткевич Юрій Васильович,2006-10-17,2007-06-12,Q12096278-63c8f1e5-4cd5-f664-48da-8113098adede
Q12096816,Гончаров Михайло Олександрович,2006-05-25,2007-11-23,Q12096816-ba666b5d-4596-86cc-5325-283e7efca5ff
Q12096871,Горбатюк Анатолій Олексійович,2006-05-25,2007-11-23,Q12096871-5e415e7a-45c9-7e47-0e21-646ff446c1ef
Q12097146,Горошкевич Олександр Сергійович,2006-05-25,2007-11-23,Q12097146-dcdaa238-4a0b-98a9-5c61-eb77327b526a
Q12097809,Грицак Василь Миколайович,2006-05-25,2007-11-23,Q12097809-b665a834-4d6c-72e2-f28e-3f987f9b10af
Q12098396,Гуменюк Ігор Миколайович,2006-05-25,2007-11-23,Q12098396-117c29a5-49c5-d587-a2ee-03bc203c8673
Q12098404,Гуменюк Олег Іванович,2006-05-25,2007-06-08,Q12098404-4dfaa180-4057-032b-5958-0212a78e3561
Q12098562,Гусаров Сергій Миколайович,2006-05-25,2007-11-23,Q12098562-8964dda7-44f8-5d12-3e69-cab1ea00739a
Q12099551,Дарда Олександр Панасович,2006-05-25,2007-11-23,Q12099551-45249b40-4bb7-f8b1-330d-c66cffc77ac1
Q12099974,Демидко Володимир Миколайович,2006-09-14,2007-11-23,Q12099974-4b99bf9d-4944-db1d-716d-6699b850782f
Q12100035,Демчишен Василь Васильович,2006-09-14,2007-11-23,Q12100035-6bd82660-4ac6-bb4c-1c9a-41897132dd19
Q12100048,Демянко Микола Іванович,2006-05-25,2007-11-23,Q12100048-9f57d783-4470-55b9-e3b7-0c9ec25b4cfa
Q12101640,Довгий Тарас Олексійович,2006-05-25,2007-06-15,Q12101640-9523eb8e-4f0f-0d6a-cb1b-4ac5d946530f
Q12101641,Довгий Станіслав Олексійович,2006-05-25,2007-06-15,Q12101641-372cfa17-40be-fefb-48fa-9ec366704eef
Q12102065,Дончак Володимир Андрійович,2006-05-25,2007-06-12,Q12102065-64bd41cb-4e10-4559-18c2-caad8708b3d8
Q12104496,Жиденко Ігор Григорович,2006-05-25,2007-06-15,Q12104496-3d7c186b-4d82-c743-35b4-0cd03f8bbabd
Q12104870,Журавко Олексій Валерійович,2006-05-25,2007-11-23,Q12104870-7631ace1-4efa-2791-8a4b-dd4c496ead78
Q12105016,Забарський Владислав Валерійович,2006-05-25,2007-11-23,Q12105016-26783ad1-46b0-4c37-dd95-6fd3a6aca8de
Q12105729,Замковенко Микола Іванович,2006-05-25,2007-11-23,Q12105729-2145cefe-4c50-b0d3-eb3d-aa58b6a305de
Q12105826,Заплатинський Володимир Михайлович,2006-05-25,2007-11-23,Q12105826-e0a77f4d-4b7a-29b5-2ec6-b93b3960b98f
Q12106202,Зац Олександр Вікторович,2006-05-25,2007-11-23,Q12106202-a94f5b22-479d-2699-bb4a-c75ef3885cfa
Q12106356,Зварич Ігор Теодорович,2006-05-25,2007-11-23,Q12106356-00550f72-4211-fd06-6478-ca7057b53b81
Q12106490,Зейналов Едуард Джангірович,2006-05-25,2007-06-08,Q12106490-c809e399-421c-db9e-f9ac-ca2cb9f8b0b0
Q12106760,Злочевський Микола Владиславович,2006-05-25,2007-11-23,Q12106760-439382a6-4bb5-f9b7-08be-e7db6124cf3c
Q12107148,Зубанов Володимир Олександрович,2006-05-25,2007-11-23,Q12107148-a7b6b9bd-4dc9-6f78-3575-ca40c7958a6e
Q12107163,Зубик Володимир Володимирович,2006-05-25,2007-11-23,Q12107163-52cc8218-4a3a-0919-fad2-7094c43a4058
Q12107167,Зубко Юрій Григорович,2006-09-14,2007-11-23,Q12107167-34df6e1b-412b-1438-f008-a392d477942d
Q12107176,Зубов Валентин Сергійович,2006-05-25,2007-06-12,Q12107176-63465ec6-4ec1-d1dc-189a-51d12bd8ba3a
Q12107284,Зімін Євген Ігорович,2006-05-25,2007-06-12,Q12107284-e21c0741-4460-daae-64a6-5dee7381cebe
Q12107759,Калашніков Олег Іванович,2006-05-25,2007-11-23,Q12107759-358ca397-4735-91e4-d2b1-bd3d16309316
Q12107778,Калетнік Григорій Миколайович,2006-05-25,2007-11-23,Q12107778-14a03566-4c10-f6d3-b7e8-ea6feabc92a7
Q12107897,Кальніченко Ігор Вікторович,2006-05-25,2007-11-23,Q12107897-46396e6c-4e9b-7caf-cd1b-2225f0129d27
Q12107917,Калюжний Віталій Анатолійович,2006-05-25,2007-11-23,Q12107917-95c34d48-48ce-aa0f-f440-0c8ae1938c81
Q12108223,Камчатний Валерій Григорович,2006-05-25,2007-06-12,Q12108223-182725de-4888-baf8-7fa3-3f72bca8ddec
Q12108517,Каракай Юрій Васильович,2006-05-25,2007-11-23,Q12108517-6118f985-48fd-d34b-a3f6-72c2eaaaae49
Q12108842,Карпук Володимир Георгійович,2006-05-25,2007-06-08,Q12108842-4c9e1b4a-48eb-b185-e08d-6d9c0f47eeb1
Q12109544,Кеменяш Олександр Михайлович,2006-05-25,2007-06-15,Q12109544-93ca7d4e-4868-0b26-840e-9d96f8a0048b
Q12109570,Кендзьор Ярослав Михайлович,2006-05-25,2007-06-15,Q12109570-eeaf5a55-4027-4a25-5e01-9aa648849629
Q12109814,Кий Сергій Вікторович,2006-05-25,2007-11-23,Q12109814-fab77504-42c9-d948-b836-2399cacdd1bb
Q12109928,Кирильчук Євген Іванович,2006-05-25,2007-06-12,Q12109928-1ad8cf12-49f5-7d46-16b7-aee786ec84d2
Q12109942,Кириченко Людмила Федорівна,2006-05-25,2007-11-23,Q12109942-140f9afd-48c2-a7d7-d61d-80f347f57d39
Q12110961,Коваль В'ячеслав Станіславович,2006-05-25,2007-06-08,Q12110961-10b7de77-4f6f-6c92-627c-e832a48ed0f9
Q12110991,Ковальова Юлія Вікторівна,2006-05-25,2007-11-23,Q12110991-f8d0c2f1-491a-1ad9-fe4e-6bdc8a640df4
Q12111083,Ковзель Микола Олегович,2006-05-25,2007-06-12,Q12111083-c5da20e7-4cc2-2286-b448-cf21cb1b3d32
Q12111107,Ковтуненко Олександр Володимирович,2006-05-25,2007-11-23,Q12111107-48ccebe2-486d-9244-d90d-b0e3c6c848e5
Q12111352,Козаченко Олексій Олексійович,2006-09-20,2007-06-15,Q12111352-c5aba1e1-42ad-9828-3bce-fc214356e49d
Q12111794,Колоцей Юрій Олександрович,2006-05-25,2007-11-23,Q12111794-3bcab5f8-48b7-c5d4-4eba-792a82734c14
Q12111910,Комар Микола Степанович,2006-05-25,2007-11-23,Q12111910-9a7b8599-4679-7282-d3a9-6ee51b235ec1
Q12112435,Константинов Євген Семенович,2006-05-25,2007-06-14,Q12112435-43f21c93-43f3-ba05-5784-db0d6d327a34
Q12112821,Корж Павло Петрович,2006-05-25,2007-11-23,Q12112821-bc49145f-45ac-a15b-ca5d-1797786388bc
Q12112822,Корж Віктор Петрович,2006-05-25,2006-12-14,Q12112822-42660d30-4739-30b0-dd15-e834a368b32d
Q12112823,Коржев Анатолій Леонідович,2006-05-25,2007-11-23,Q12112823-7ffa9bf0-40e8-6ea6-f76a-3c1f185832ce
Q12113129,Король Віктор Миколайович,2006-05-25,2007-06-15,Q12113129-dde5107a-4bf1-c1e5-aeca-27705d108b8b
Q12113274,Корсаков Олексій Якович,2006-05-25,2007-11-23,Q12113274-c58c8a76-402d-1747-bbcc-df4113d3f92a
Q12113583,Костинюк Богдан Іванович,2007-05-31,2007-06-08,Q12113583-0ecfff54-473d-f765-deb4-4e0c6337b554
Q12114076,Кравченко Микола Васильович,2006-05-25,2007-11-23,Q12114076-37c6d4f2-41ba-3de0-fd69-29edc2464d0d
Q12114096,Кравчук Петро Костянтинович,2006-05-25,2007-06-12,Q12114096-671151bb-4835-47a0-c0bb-c653a92502d4
Q12115042,Круглов Микола Петрович,2006-05-25,2007-11-23,Q12115042-d57f0660-460c-8bd1-43e3-576dd836a2f2
Q12115061,Крук Юрій Борисович,2006-05-25,2007-06-12,Q12115061-e8a85f65-464f-5607-b4fb-438613aa3668
Q12115122,Круць Микола Федорович,2006-05-25,2007-06-08,Q12115122-a7eb97c0-4a51-ef28-c9b2-ec3eceed364c
Q12115174,Крючков Дмитро Васильович,2006-05-25,2007-11-23,Q12115174-38f40555-4e7b-fb57-c43b-0d8096cda00c
Q12115540,Кузьменко Петро Павлович,2006-05-25,2007-06-15,Q12115540-17295635-4d57-b466-bc53-f7c3cd6ac706
Q12115543,Кузьменко Сергій Леонідович,2006-05-25,2007-11-23,Q12115543-3db29b00-4c01-d1ab-9d76-975eb4d75e61
Q12115593,Кукоба Анатолій Тихонович,2006-05-25,2007-11-23,Q12115593-abbabfc6-4520-f6ae-cda2-56aec0879e18
Q12115738,Кульчинський Микола Георгійович,2006-11-28,2007-06-15,Q12115738-8e02bad9-4baf-ea4f-505c-acba9647a54e
Q12115834,Кунченко Олексій Петрович,2006-05-25,2007-11-23,Q12115834-88e0ef8d-4cb5-ab6f-9a3f-d9a1ae947617
Q12115992,Куровський Іван Іванович,2006-05-25,2007-06-12,Q12115992-8d10efeb-443c-2d8a-e55a-6d7fb7a56192
Q12116437,Кілінкаров Спірідон Павлович,2006-05-25,2007-11-23,Q12116437-0ad7688f-42fc-e3ef-9b02-49d14836dfe7
Q12117124,Лапін Євген Васильович,2006-05-25,2007-11-23,Q12117124-4fd98286-4e30-6431-fc54-c8f7f9a28266
Q12117141,Ларін Сергій Миколайович,2006-05-25,2007-11-23,Q12117141-efc86101-4c58-6203-7211-0cbaeaa182f5
Q12117411,Левцун Володимир Іванович,2006-05-25,2007-06-15,Q12117411-ad2a6120-4479-d92a-47d9-0948adfbe832
Q12117423,Левченко Катерина Борисівна,2006-05-25,2007-06-14,Q12117423-1f0ac17a-4755-a1bd-f817-0fff303dd2c7
Q12117822,Лещенко Віктор Миколайович,2006-10-31,2007-11-23,Q12117822-4bca68ec-4857-ced3-4d62-6c88ce0ad35d
Q12118029,Лисов Ігор Володимирович,2006-05-25,2007-11-23,Q12118029-c9adff3a-431c-15cb-6725-575d817fff4d
Q12118248,Логвиненко Олексій Степанович,2006-05-25,2007-06-15,Q12118248-b1ce5953-4eb2-2073-7946-2c2bdea36c34
Q12118440,Лопушанський Андрій Ярославович,2006-05-25,2007-06-15,Q12118440-f1d0f07e-4f5d-bdd1-d454-7631a08bf0e7
Q12118975,Луцький Максим Георгійович,2006-05-25,2007-11-23,Q12118975-9b10b53d-4f89-82c2-53f3-3d9329fb3f14
Q12119458,Ляпіна Ксенія Михайлівна,2006-05-25,2007-06-08,Q12119458-f9e7d9f9-4453-bc5a-84de-37b222f72122
Q12119499,Ляшко Олег Валерійович,2006-05-25,2007-06-12,Q12119499-55dbd5d1-4840-bda9-0289-9b72264ad811
Q12119890,Лісін Микола Павлович,2006-05-25,2007-11-23,Q12119890-41ec6955-4560-dcd6-55ad-5a740bfad89b
Q12120403,Майборода Сергій Федотович,2006-05-25,2007-11-23,Q12120403-4664ea57-4201-617e-4807-e284551e2336
Q12120443,Майко Віталій Іванович,2006-05-25,2007-11-23,Q12120443-17034444-4f9b-2060-70a3-054f2b055453
Q12120684,Макієнко Володимир Петрович,2006-05-25,2007-06-14,Q12120684-e284b0ad-49d7-8bcd-e13c-c7b84880acb9
Q12120855,Малиновський Олексій Петрович,2006-05-25,2007-11-23,Q12120855-f97ddeb2-4a48-f265-d4a3-bd449041b291
Q12120873,Малишев Володимир Степанович,2006-05-25,2007-11-23,Q12120873-702c5efa-4ace-60f9-be29-595a81ecde61
Q12120999,Мальцев Володимир Олександрович,2006-05-25,2007-11-23,Q12120999-e0e9afa8-42cd-ac04-1da1-a95978d0eae4
Q12121226,Маньковський Григорій Володимирович,2006-05-25,2007-11-23,Q12121226-6443ed83-43cd-b9b3-134a-608714eac01d
Q12121476,Мармазов Євген Васильович,2006-05-25,2007-11-23,Q12121476-930c20b4-4c94-f009-07eb-125f68e10451
Q12121605,Марущенко Володимир Станіславович,2006-05-25,2007-06-15,Q12121605-8b8da3d6-42d0-6dec-1bd3-249902ed193e
Q12121812,Матвєєв Валентин Григорович,2006-05-25,2007-11-23,Q12121812-c36490f9-4b8c-0cf7-dc36-c3c445cea173
Q12122440,Мельник Станіслав Анатолійович,2006-05-25,2007-11-23,Q12122440-f8810232-4dbe-47df-65ef-3b17254e314a
Q12122502,Мельничук Михайло Васильович,2006-12-15,2007-11-23,Q12122502-a7ee1045-4d3d-e071-2770-947289b8f57d
Q12123523,Мироненко Михайло Іванович,2006-05-25,2007-11-23,Q12123523-de07e094-4d11-53e2-6846-aba28c5823d9
Q12124147,Мойсик Володимир Романович,2006-05-25,2007-06-08,Q12124147-18c4d91c-43b9-2704-0cd6-62b615a8157c
Q12130021,Мордовець Леонід Михайлович,2006-05-25,2007-11-23,Q12130021-42e8a4a6-455b-76da-cc6d-f0d89a844990
Q12130278,Мостіпан Уляна Миколаївна,2006-05-25,2007-06-14,Q12130278-7bf2bad7-46c4-5cfd-de35-e6ceffdd93cc
Q12130907,Муц Орест Павлович,2006-05-25,2007-11-23,Q12130907-fbbde905-4c38-96cd-689a-f5bc641fbb01
Q12131587,Мірошниченко Юрій Романович,2006-05-25,2007-11-23,Q12131587-dbf6ea9b-4c89-da1a-6e50-ac12cd9b8796
Q12131735,Мітрошкін Ігор Олександрович,2006-09-14,2007-11-23,Q12131735-41dd78c2-422f-8414-3221-57b611adca23
Q12132126,Надоша Олег Володимирович,2006-05-25,2007-11-23,Q12132126-1a8d4a8e-4105-fe0e-9781-60cc73f661be
Q12132274,Наконечний Володимир Леонтієвич,2006-05-25,2007-11-23,Q12132274-0924687e-4673-0717-2d5c-46035cdd294c
Q12132290,Наливайко Анатолій Михайлович,2006-05-25,2007-11-23,Q12132290-821ba5fe-4ec6-fc62-c484-e26217ccea6d
Q12133569,Нетецька Олена Анатоліївна,2006-05-25,2007-11-23,Q12133569-a5e60819-4d6e-9e0f-2860-f235895f387f
Q12135186,Одайник Микола Миколайович,2006-05-25,2007-11-23,Q12135186-1b76e3ad-4076-f8f9-1ce5-670bcd512a6d
Q12136105,Оплачко Володимир Миколайович,2006-05-25,2007-11-23,Q12136105-7672da43-4bfc-2f37-13e6-482325ebf359
Q12136376,Орлов Андрій Вікторович,2006-05-25,2007-11-23,Q12136376-b9cfad6d-4cd1-41e4-e2f1-432d74d31aa5
Q12137278,Павленко Едуард Іванович,2006-05-25,2007-11-23,Q12137278-25e650f5-4543-35a2-c6f7-5aca5d0aa9e5
Q12138627,Панасовський Олег Григорович,2006-05-25,2007-11-23,Q12138627-c17777ae-4c16-8ae2-c414-54bd84c664f2
Q12140129,Петренко Вадим Михайлович,2006-05-25,2007-06-12,Q12140129-592a6fb9-4319-2b39-7d83-91cf2348e94a
Q12140273,Петросов Валерій Альбертович,2006-05-25,2007-11-23,Q12140273-b770f848-4cf2-ac58-0b1c-06f70a280fe6
Q12140626,Писаренко Валерій Володимирович,2006-05-25,2007-06-15,Q12140626-039e9ef7-40ee-bca9-fe4c-0f01670a2731
Q12140992,Плотніков Олексій Віталійович,2006-05-25,2007-11-23,Q12140992-284c9add-48db-94c1-7d55-b8ec6954144e
Q12142045,Полянчич Михайло Михайлович,2006-05-25,2007-06-08,Q12142045-d2847233-429b-d6a4-4f2b-3e1ac9b61c02
Q12142196,Поліщук Сергій Володимирович,2006-05-25,2007-11-23,Q12142196-7d71d2f9-490c-238c-69bd-d0ec71ebddb7
Q12142254,Пономаренко Георгій Григорович,2006-05-25,2007-11-23,Q12142254-117bff15-4936-44b6-17a4-f050e01d03a9
Q12142832,Потапов Василь Іванович,2006-05-25,2007-11-23,Q12142832-3ebff534-4a87-cc04-eca7-fd69c682d8b4
Q12142909,Потімков Сергій Юрійович,2006-05-25,2007-11-23,Q12142909-9467afa2-4a0f-fb8a-a9fc-1340c18d2e1a
Q12144101,Пригодський Антон Вікентійович,2006-05-25,2007-11-23,Q12144101-2e688b7a-4bdf-67e5-d14a-efb272c2b834
Q12144355,Притика Дмитро Микитович,2006-05-25,2007-11-23,Q12144355-d4278268-48dd-b8c4-ba95-15817b299adb
Q12144823,Прокопович Наталія Володимирівна,2006-05-25,2007-06-08,Q12144823-fa2259f2-4ea8-d5e9-b071-7a91e7f2ddf8
Q12145775,Пшонка Артем Вікторович,2006-05-25,2007-11-23,Q12145775-37beb2d1-441e-6af4-3d7c-a33f4c806d50
Q12145784,Пєхота Володимир Юлійович,2006-05-25,2007-11-23,Q12145784-1cc34fd7-4a30-b690-7c53-eae1b0f17b01
Q12146225,Пінчук Андрій Павлович,2006-05-25,2007-11-23,Q12146225-13047bb6-4036-fded-fb94-9d12a704145b
Q12146613,Радковський Олег Володимирович,2006-05-25,2007-06-14,Q12146613-1e4553a0-4501-552f-195a-44cd914cea2e
Q12146617,Радовець Арнольд Анатолійович,2006-05-25,2007-06-14,Q12146617-40fdfef6-4c96-f3e5-5752-e0f5bf02eec0
Q12146814,Разгоняєв Михайло Васильович,2006-09-14,2007-11-23,Q12146814-b273f14f-4cc3-9133-e96d-781fb99bef56
Q12149264,Ружицький Антон Матвійович,2006-05-25,2007-11-23,Q12149264-b987482b-4ee9-a015-9739-7ddd7fac4b38
Q12149537,Рябека Олександр Григорович,2006-05-25,2007-06-14,Q12149537-08277160-4e60-0c80-abb9-5e5fcb6ca3d6
Q12150390,Самойленко Юрій Павлович,2006-05-25,2007-11-23,Q12150390-40b19abc-4093-5694-186c-201160d39a9d
Q12150391,Самойлик Катерина Семенівна,2006-05-25,2007-11-23,Q12150391-ca42fb90-4263-08bc-ae61-77f767d89c12
Q12150443,Самофалов Геннадій Григорович,2006-05-25,2007-11-23,Q12150443-0bcf7168-432c-e08c-f9d1-267430800927
Q12150522,Сандлер Дмитро Михайлович,2006-05-25,2007-11-23,Q12150522-2daa4b68-4078-ca2f-bc34-c02826ad3b52
Q12151885,Селіваров Андрій Борисович,2006-05-25,2007-11-23,Q12151885-75827089-4888-e057-505f-6c5a807c1820
Q12151978,Семенюк-Самсоненко Валентина Петрівна,2006-05-25,2006-09-12,Q12151978-13612d8b-4ec9-1243-b5f5-9966c1a927d0
Q12152019,Семинога Анатолій Іванович,2006-05-25,2007-06-15,Q12152019-1994a3e2-47a1-f664-5e75-41e3c84b2552
Q12152213,Сербін Юрій Сергійович,2006-05-25,2007-06-12,Q12152213-10099971-43dd-e6e3-effd-dd1f2a9ca299
Q12152830,Синиця Артем Миколайович,2006-05-25,2007-11-23,Q12152830-65af8ed4-49c2-62e3-07b2-0604795ea718
Q12153224,Скибінецький Олександр Матвійович,2006-05-25,2007-06-12,Q12153224-da4ee975-4ce0-9c3e-9978-1565dcc30bd2
Q12153426,Скубенко Володимир Петрович,2006-05-25,2007-06-15,Q12153426-da2abcf2-4d58-7cb3-03ee-7bcc81bf52ef
Q12153599,Слаута Віктор Андрійович,2006-05-25,2007-02-22,Q12153599-d3f42200-4d39-3500-4fb2-3d5fe0e8227d
Q12154032,Смітюх Григорій Євдокимович,2006-05-25,2007-11-23,Q12154032-0c66c7cc-4fef-17da-2804-adca3f9d7ad7
Q12154259,Сокирко Микола Васильович,2006-05-25,2007-11-23,Q12154259-771e1769-419a-69cf-0d44-3be6da48ba92
Q12158624,Сулковський Павло Гнатович,2006-05-25,2007-11-23,Q12158624-ba8ad6b4-4afc-af38-a390-97a69e1133f4
Q12158839,Суслов Євгеній Іванович,2006-05-25,2007-06-12,Q12158839-fccf56b4-4904-09c1-a979-8b4e41da9287
Q12158920,Сухий Ярослав Михайлович,2006-05-25,2007-11-23,Q12158920-dd8efd75-4c89-c719-1114-db743b8420bf
Q12159260,Сівкович Володимир Леонідович,2006-05-25,2007-11-23,Q12159260-f92b26e0-4eab-9edc-1aa0-021b93a3ad4d
Q12159264,Сігал Євген Якович,2006-05-25,2007-06-15,Q12159264-7d00275f-4b14-8ec1-9972-310286cbe7a1
Q12159280,Сідельник Іван Іванович,2006-05-25,2007-06-12,Q12159280-a76cc4b1-4b35-dab3-4040-29cc6a13f851
Q12159468,Сінченко Сергій Григорович,2006-05-25,2007-11-23,Q12159468-97559058-428a-7b40-6145-46e7ff3fcfc8
Q12159944,Таран-Терен Віктор Васильович,2006-05-25,2007-06-14,Q12159944-b322049c-48ac-dfe4-3de2-bae0c71f4586
Q12161829,Толстенко Володимир Леонідович,2006-05-25,2007-11-23,Q12161829-444ba8ef-461b-f1eb-16a4-c43397b82d07
Q12162411,Триндюк Юрій Григорович,2006-05-25,2007-06-15,Q12162411-65ccc875-4f8e-4716-d7d7-f3bde43319ee
Q12162977,Турманов Віктор Іванович,2006-05-25,2007-11-23,Q12162977-bf59efdd-44fc-690b-1a00-6c759ec8de60
Q12165229,Фалько Володимир Іванович,2006-09-14,2007-11-23,Q12165229-24039fd7-43ef-1552-da86-290d844371a0
Q12165490,Федун Олексій Леонідович,2006-05-25,2007-11-23,Q12165490-7be813b2-4c3a-4a94-7a3a-c8bfda4623ac
Q12165642,Фесенко Леонід Іванович,2006-05-25,2007-11-23,Q12165642-946b1eb9-45eb-0bc2-405d-3ff7282b9284
Q12166604,Філіндаш Євген Васильович,2006-05-25,2007-11-23,Q12166604-bdde5f27-48d8-92a2-793f-767c2542bbb9
Q12167343,Хмельницький Василь Іванович,2006-05-25,2007-11-23,Q12167343-577a58ba-4ba3-c519-64b4-7214698445bb
Q12167580,Хомутиннік Віталій Юрійович,2006-05-25,2007-11-23,Q12167580-6492dbda-440b-ae42-1838-5b79c6a8d069
Q12168190,Цапюк Степан Кирилович,2006-05-25,2007-11-23,Q12168190-cc2eb0b0-4fd5-a189-737a-c8803358b933
Q12168728,Цибенко Петро Степанович,2006-05-25,2007-11-23,Q12168728-f7b35554-4c55-b6a9-c60b-09e17474837f
Q12169545,Чепинога Віталій Михайлович,2006-05-25,2007-06-14,Q12169545-d631790f-417d-08c1-fc97-15fa8cc29b18
Q12170103,Чертков Юрій Дмитрович,2006-05-25,2007-11-23,Q12170103-b029940c-4d9a-945c-ed6a-54059b4983cf
Q12170351,Чичков Валерій Михайлович,2006-05-25,2007-11-23,Q12170351-12629fce-4f28-f363-f405-1f0f1be31e91
Q12170374,Чмирь Сергій Михайлович,2006-05-25,2007-11-23,Q12170374-bf079a53-4b99-8620-8c53-a01a078b2fbb
Q12170720,Чудновський Віталій Олегович,2006-05-25,2007-06-14,Q12170720-0812f242-4703-966b-67b4-7b053c405ea8
Q12170758,Чукмасов Сергій Олександрович,2006-05-25,2007-11-23,Q12170758-8bfd1862-4e39-a45d-2659-6f2eb1b7865a
Q12170971,Шаго Євген Петрович,2006-05-25,2007-06-12,Q12170971-a5432ab6-4b4e-e6a4-6d06-09d5f159fbee
Q12171020,Шаманов Валерій Вікторович,2006-05-25,2007-06-15,Q12171020-fbac33fe-4acd-f215-d281-8c7597f9664e
Q12171653,Шенцев Дмитро Олексійович,2006-05-25,2007-11-23,Q12171653-64b38b1c-44fe-77ce-3c1d-fff0126d2209
Q12171662,Шепелев Олександр Олександрович,2006-05-25,2007-06-15,Q12171662-b80d933e-4c0f-2b58-7ce7-42815ec9aeed
Q12171999,Шкляр Володимир Борисович,2006-09-20,2007-06-15,Q12171999-9f9b010a-4a07-af1c-dbde-0c91f68f50d1
Q12172040,Шкрібляк Анатолій Васильович,2006-05-25,2007-11-23,Q12172040-fd31af56-4c22-38a1-0b06-556020521d47
Q12172059,Шкутяк Зіновій Васильович,2006-05-25,2007-06-08,Q12172059-5cf03480-4785-dd60-fda9-9c4c132a9eb1
Q12173441,Якименко Микола Євгенійович,2006-09-14,2007-11-23,Q12173441-4816b265-4080-0912-72a1-c22702f196b3
Q12173509,Яковина Микола Михайлович,2006-05-25,2007-06-14,Q12173509-4eb60abc-42ee-aeec-e14c-9cedd933df2e
Q12174005,Ярощук Володимир Іванович,2006-05-25,2007-11-23,Q12174005-beae4499-4b78-ee77-7569-d733fddd37d1
Q128922,Черновецький Леонід Михайлович,2006-05-25,2007-11-23,Q128922-6cc1b29f-41ed-b076-9cb9-ad7cb28345f3
Q129119,Лижичко Руслана Степанівна,2006-05-25,2007-06-19,Q129119-833d06e4-4d05-abed-ccb5-64bf116a127e
Q1378506,Кириленко В'ячеслав Анатолійович,2006-05-25,2007-06-08,Q1378506-8deda24c-4a24-7160-29fd-2fd131f5ebc6
Q1392354,Безсмертний Роман Петрович,2006-05-25,2007-06-15,Q1392354-e3289e75-4d6c-e22e-7f79-d4fd0e220212
Q1459658,Янукович Віктор Федорович,2006-05-25,2006-09-12,Q1459658-60d03da3-4559-c11b-e04a-69bd7618f65b
Q15062140,Чмирь Юрій Павлович,2006-05-25,2007-11-23,Q15062140-1379ac49-45b0-14aa-bfc9-9424f513bcc9
Q1525225,Козак Володимир Васильович,2006-05-25,2006-09-12,Q1525225-23fe5036-48d8-3d5e-6ec0-8535bcb9df90
Q1529578,Федорчук Ярослав Петрович,2006-05-25,2007-06-12,Q1529578-c52c82ff-4b49-87ac-9357-f7f7081be6a4
Q1529613,Корж Віталій Терентійович,2006-05-25,2007-06-12,Q1529613-723925fb-4ef7-87b9-79ef-597bdfff9a22
Q1551591,Цушко Василь Петрович,2006-05-25,2006-12-14,Q1551591-4a5e6b31-4884-874d-0523-901d62bc2c8b
Q15850,Турчинов Олександр Валентинович,2006-05-25,2007-06-15,Q15850-698c9bc3-4bc1-5f93-52e6-06e21bc69f22
Q1587874,Шлемко Дмитро Васильович,2006-05-25,2007-06-12,Q1587874-ea9caa09-450e-6865-93b5-145dad689986
Q1605329,Удовенко Геннадій Йосипович,2006-05-25,2007-11-23,Q1605329-95192650-4ee0-3c3f-d946-a358f193a279
Q16682352,Поляков Василь Леонідович,2006-05-25,2007-11-23,Q16682352-1e6b6972-406a-b74d-a115-efb7a07bae7f
Q16701349,Келестин Валерій Васильович,2006-05-25,2007-11-23,Q16701349-a8c473b0-4484-70c3-8030-38015421b17e
Q16706832,Мендусь Ярослав Петрович,2006-05-25,2007-11-23,Q16706832-e9177375-4405-78db-13fe-7a2944fa38ea
Q16710095,Омельченко Олександр Олександрович,2006-05-25,2007-06-14,Q16710095-0a4d4cb6-4d70-7659-b386-80483a328a38
Q16715144,Савосін Геннадій Анатолійович,2006-09-14,2007-11-23,Q16715144-8a6e3500-46df-6e8b-9a7f-a8e8f6b41f67
Q16715189,Садовий Микола Ілліч,2006-05-25,2007-11-23,Q16715189-318908c1-4183-c3d5-eac9-05e7393adced
Q16719122,Тарасов Володимир Володимирович,2006-05-25,2007-11-23,Q16719122-236de4e5-40fd-3ea4-5650-a3a1de57f9b5
Q16721096,Урбанський Ігор Анатолійович,2006-11-14,2007-11-23,Q16721096-9b7006e3-465a-3d8d-30f5-8bcbdb6f1fe9
Q1708369,Одарченко Юрій Віталійович,2006-05-25,2007-06-12,Q1708369-1b4497c3-4ea4-dd4e-03f6-7975f6ab4504
Q1711465,Кожара Леонід Олександрович,2006-05-25,2007-11-23,Q1711465-f9249c51-4195-ef15-0df6-3c9f25289cca
Q1767960,Лебедєв Павло Валентинович,2006-05-25,2007-11-23,Q1767960-6c927cf4-4440-63cd-8453-3044d2f82502
Q18243641,Ковалевська Юлія Сергіївна,2006-05-25,2007-11-23,Q18243641-aa3f34af-46d8-cae6-052b-797598a20130
Q1957965,Томенко Микола Володимирович,2006-05-25,2007-06-14,Q1957965-2f20e0ca-4ed6-8772-6020-3c306e69a0ae
Q1962996,Івченко Олексій Григорович,2006-05-25,2007-06-08,Q1962996-6c8dd922-450c-d758-f943-05bc51ffc629
Q1968425,Чорновіл Тарас Вячеславович,2006-05-25,2007-11-23,Q1968425-239145c2-4b52-c161-9c47-0f6d8e124341
Q1974359,Кушнарьов Євген Петрович,2006-05-25,2007-01-17,Q1974359-881c5529-46de-20f7-8e21-9e2f4c5f2d27
Q1977990,Жеваго Костянтин Валентинович,2006-05-25,2007-11-23,Q1977990-a2f967a7-45c1-195d-5166-17d1163f7c4d
Q1983662,Прокопенко Віктор Євгенович,2006-05-25,2007-08-18,Q1983662-2363c054-4fad-7945-3419-142273c6e288
Q1996140,Лук'яненко Левко Григорович,2006-05-25,2007-06-15,Q1996140-4aacca08-4b70-28ab-4ce5-81436bf8c267
Q20066729,Данілін Микола Олексійович,2006-05-25,2007-11-23,Q20066729-a081c8b4-4ad7-658b-5599-a4982a09759f
Q20067432,Касянюк Олександр Ростиславович,2007-05-22,2007-11-23,Q20067432-e591e643-4cac-ca0f-5456-765dee4b22fe
Q20067639,Козаков Ігор Володимирович,2006-05-25,2007-11-23,Q20067639-05a90c4d-41eb-9238-45b4-cf43465a933a
Q20067650,Козуб Олександр Андрійович,2006-05-25,2007-11-23,Q20067650-21062499-4c17-0647-6408-7239646a350c
Q20067703,Кондратьєва Тетяна Василівна,2006-05-25,2007-11-23,Q20067703-f736b0c3-417b-089b-b511-abb2da9b7c10
Q20067820,Кравцов Олександр Олегович,2006-05-25,2007-11-23,Q20067820-23169ada-4a88-e0ac-9c77-3828b360b78b
Q20068098,Лещинський Олександр Михайлович,2006-05-25,2007-11-23,Q20068098-c9791556-41b0-1794-7ada-0e770c93f416
Q20068132,Личук Володимир Іванович,2006-05-25,2007-11-23,Q20068132-e29f7ece-4049-a332-652f-e15f64ab1cbc
Q20068441,Матюха Валерія Валеріївна,2006-05-25,2007-11-23,Q20068441-1c70c586-4b39-cd72-ac6b-842a2a8e8657
Q20069097,Пачесюк Сергій Никонович,2006-05-25,2007-11-23,Q20069097-bb4c3785-411c-2b08-3c81-c3488b1a24ea
Q20069143,Петрик Петро Пантилемонович,2006-10-17,2007-11-23,Q20069143-53c4e30e-4687-f074-cf12-2117afe9dfa8
Q20069443,Радзієвський Олексій Васильович,2006-05-25,2007-11-23,Q20069443-51271aa3-477f-ef74-6302-9328ff6420d0
Q20069541,Романюк Микола Прокопович,2006-05-25,2007-11-23,Q20069541-e0c58ed0-490e-a59f-488d-04b03326ce38
Q20069564,Руднік Анатолій Андрійович,2006-05-25,2007-11-23,Q20069564-0cf592a4-405a-1c01-4e45-f0101fa4e8c8
Q20069824,Сільченко Василь Андрійович,2006-05-25,2007-11-23,Q20069824-c0686ccf-40b5-e309-60d2-e6276a9759c6
Q20069962,Слободянюк Володимир Йосипович,2006-05-25,2007-11-23,Q20069962-a7470a71-47bd-7f07-82a6-6ed9a2652c1b
Q20069995,Сокіл Андрій Олексійович,2006-12-19,2007-11-23,Q20069995-9f900b91-413b-439a-b606-03c7a428eb06
Q20070644,Цюрко Петро Іванович,2006-05-25,2007-11-23,Q20070644-90e4261c-4b03-f0e8-4801-965264c8dc64
Q20070849,Шкіра Ігор Романович,2007-05-30,2007-11-23,Q20070849-976cb4c5-4e1e-3914-277f-3c1dadf722e2
Q2030053,Ніколаєнко Станіслав Миколайович,2006-05-25,2006-09-12,Q2030053-0f6bba62-4a49-ca01-d41a-07c222e5d1db
Q2038582,Чубаров Рефат Абдурахманович,2006-05-25,2007-06-08,Q2038582-a6174690-4b22-91e8-85b3-7469bd339d52
Q2067495,Андрій Шкіль,2006-05-25,2007-06-12,Q2067495-009103a6-4add-3ba2-c016-13508b890128
Q2072843,Джарти Василь Георгійович,2006-05-25,2006-09-12,Q2072843-bf7dfcf1-4056-b1a4-224a-720c6e408536
Q2073071,Баграєв Микола Георгійович,2006-05-25,2007-06-14,Q2073071-cc81fb7b-4c2e-26c7-f6f7-a13aae2f46fc
Q2081854,Шевченко Андрій Віталійович,2006-05-25,2007-06-15,Q2081854-d6fe07ff-4f7f-3a79-0b49-31e6d6014f7c
Q2081889,Яворівський Володимир Олександрович,2006-05-25,2007-06-12,Q2081889-09e1d68b-4f5e-1eb4-a576-d93b96722d9e
Q2330587,Павленко Юрій Олексійович,2006-05-25,2006-09-12,Q2330587-bf264112-4aba-53c7-c179-a47b44be53a4
Q2330766,Попеску Іван Васильович,2006-05-25,2007-11-23,Q2330766-aa15981f-403f-98df-606b-73e04d8ab5bd
Q2343701,Немиря Григорій Михайлович,2006-05-25,2007-06-14,Q2343701-aac96c3d-4a45-7532-4776-3ddfbb2260c9
Q2374925,Сас Сергій Володимирович,2006-05-25,2007-06-12,Q2374925-e040e52a-4a93-d183-8ac0-3069e4ff0aba
Q24958521,Момот Сергій Васильович,2006-05-25,2007-11-23,Q24958521-B32ABCD2-57AF-4136-B629-CAB346A94479
Q250302,Білорус Олег Григорович,2006-05-25,2007-06-12,Q250302-3b5b5c8f-46f1-b4e4-c0d3-8df149afefeb
Q2614431,Кириленко Іван Григорович,2006-05-25,2007-06-15,Q2614431-d340f138-4599-d631-99a7-a95fae01a3ed
Q2689350,Мартиненко Микола Володимирович,2006-05-25,2007-06-14,Q2689350-678ec8a4-4a8a-848d-fa0c-88c6a5b4059f
Q2689361,Кожем'якін Андрій Анатолійович,2006-05-25,2007-06-12,Q2689361-731cdb15-4f33-6fbf-f73e-0e2b1543f387
Q2690188,Вілкул Олександр Юрійович,2006-05-25,2007-11-23,Q2690188-e651b3ee-4ba8-0cdc-6dd6-8d6ba5e97643
Q2752644,Пашинський Сергій Володимирович,2006-05-25,2007-06-14,Q2752644-46ea0678-4e0c-f8ad-1109-abad4d0a0f3f
Q2753096,Забзалюк Роман Омелянович,2006-05-25,2007-06-12,Q2753096-90af5e14-4976-f87b-cdd4-90ff0c49eea2
Q291179,Прутнік Едуард Анатолійович,2006-05-25,2006-10-05,Q291179-c55a8623-453b-a97c-615a-53b0434305c6
Q311116,Єхануров Юрій Іванович,2006-05-25,2007-06-08,Q311116-6c62513a-4ed4-019a-78b3-a9e3e96001bb
Q32193,Міщенко Сергій Григорович,2006-05-25,2007-06-15,Q32193-e84a8471-45b4-3ed9-3708-fe099a989411
Q3331381,Присяжнюк Микола Володимирович,2006-05-25,2007-11-23,Q3331381-c661d221-4ea2-3cea-dabc-20ea630c6830
Q3460875,Янукович Віктор Вікторович,2006-05-25,2007-11-23,Q3460875-ce2cbe71-49dc-3fcc-0799-4c869891342e
Q367606,Герасимов Іван Олександрович,2006-05-25,2007-11-23,Q367606-80786456-431a-7690-f1f2-d6a2625b8005
Q383668,Кріль Ігор Іванович,2006-05-25,2007-06-15,Q383668-c09b9bdf-427b-a72f-bff1-b843e8c0bcdb
Q3892065,Швець Віктор Дмитрович,2006-05-25,2007-06-12,Q3892065-02d5cd69-42a0-8cc0-95dd-b81cfddbdf6e
Q3915199,Деревляний Василь Тимофійович,2006-05-25,2007-06-12,Q3915199-395ce5bd-4d9d-7e20-051c-8246353f5774
Q3950909,Лук'янчук Руслан Валерійович,2006-05-25,2007-06-12,Q3950909-d0a7097e-418c-5cde-0f01-16efbfbef70f
Q4069127,Аржевітін Станіслав Михайлович,2006-05-25,2007-06-15,Q4069127-da2ca4c0-48cd-d4ec-535f-ddfb21855171
Q4069425,Аркаллаєв Нуруліслам Гаджиєвич,2006-05-25,2007-11-23,Q4069425-463e806a-485e-7322-22d0-bdc0b378f041
Q4070192,Артеменко Юрій Анатолійович,2006-05-25,2007-11-23,Q4070192-a5d8f23f-4521-2cdd-db93-f0474dd415d7
Q4074524,Бабурін Олексій Васильович,2006-05-25,2007-11-23,Q4074524-1d46e8db-41d6-b2ae-2c98-196dfde127fe
Q4081542,Білаш Борис Федорович,2007-02-20,2007-11-23,Q4081542-68e6bac4-46ca-1251-6528-d08d18a901da
Q4083038,Білий Олексій Петрович,2006-05-25,2007-11-23,Q4083038-22c34d64-4f3d-57ea-b5f6-546b28196ffb
Q4089899,Богуслаєв В'ячеслав Олександрович,2006-05-25,2007-11-23,Q4089899-34b671b3-45e2-72e6-7f4f-4619523b3fcf
Q4090389,Бойко Володимир Семенович,2006-05-25,2007-11-23,Q4090389-b10f1d7e-4f65-8d87-9f43-146ec5ac05ed
Q4090549,Бокий Іван Сидорович,2006-05-25,2007-11-23,Q4090549-5bd91bc1-4af0-ec97-9902-247f37292346
Q4093206,Бондаренко Олена Анатоліївна,2006-05-25,2007-11-23,Q4093206-59ac3900-47b0-3324-33bd-ae5ed8c0fecc
Q4097023,Бронніков Володимир Костянтинович,2006-05-25,2007-11-23,Q4097023-f7733f37-4599-4102-55a1-67d382067e00
Q4097731,Бугаєць Анатолій Олександрович,2006-05-25,2007-11-23,Q4097731-16d1bb9c-44e2-3221-22d6-bb2b962e6408
Q4099685,Бурлаков Павло Миколайович,2006-05-25,2007-11-23,Q4099685-fcfdce4a-4edb-cf3c-4d90-19d061109b8e
Q4101318,Бичков Сергій Анатолійович,2006-09-14,2007-11-23,Q4101318-97ba184f-47b3-7059-0d8a-0a9d0e6d41f1
Q4120883,Лукашук Олег Григорович,2006-05-25,2007-06-12,Q4120883-85157585-4452-310b-d9b1-8485b4de2bb3
Q4122881,Волга Василь Олександрович,2006-05-25,2007-11-23,Q4122881-5417b4ce-43c8-126e-d716-8bd6bd95fca8
Q4124410,Михайло Якович Волинець,2006-05-25,2007-06-12,Q4124410-b88d74cc-4af0-1a72-d097-8f7e4d69d9e9
Q4128861,Видрін Дмитро Гнатович,2006-05-25,2007-11-23,Q4128861-7ffdedda-483b-5592-9308-2e3b4fe3d75e
Q4132799,Галуненко Олександр Васильович,2006-05-25,2007-11-23,Q4132799-ea918f82-49b4-13a5-e1bb-8bd01a399e51
Q4136089,Герасим'юк Ольга Володимирівна,2006-05-25,2007-06-08,Q4136089-f7cbf234-4105-6c5a-9b4f-fe95225be044
Q4137223,Герман Ганна Миколаївна,2006-05-25,2007-11-23,Q4137223-d3a3480f-43d7-a7b9-79ef-aaa7458c5cb5
Q4141057,Чорноволенко Олександр Віленович,2006-05-25,2007-06-12,Q4141057-1b646de9-4caa-b20d-4bef-50164a3b11de
Q4142266,Голуб Олександр Володимирович,2006-05-25,2007-11-23,Q4142266-fd2cd703-4fce-ead6-bb9a-5dbe73cddb16
Q4143485,Горбаль Василь Михайлович,2006-05-25,2007-11-23,Q4143485-41fa506b-4f7a-28ac-a900-67d1aa0eb3f5
Q4148127,Грач Леонід Іванович,2006-05-25,2007-11-23,Q4148127-9278c716-4e96-21a1-1e00-3850b1590769
Q4151462,Губський Богдан Володимирович,2006-05-25,2007-06-15,Q4151462-be29d6ea-408f-ffce-ca22-736ec901cc08
Q4154638,Данілов Олексій Мячеславович,2006-05-25,2007-11-23,Q4154638-ff9ca795-4199-bf96-1ae5-ec7b79666958
Q4156922,Дейч Борис Давидович,2006-05-25,2007-11-23,Q4156922-3cb8c641-4aec-f1d4-a5e4-da7230667e66
Q4173939,Єдін Олександр Йосипович,2006-05-25,2007-11-23,Q4173939-fa91df89-4321-2e80-ebd0-b49d66311d03
Q4177484,Єфремов Олександр Сергійович,2006-05-25,2007-11-23,Q4177484-d941334b-4c45-e664-1bce-aa7a784e4c6d
Q4178408,Жванія Давид Важайович,2006-05-25,2007-11-23,Q4178408-2715c498-437c-a3b3-96a9-a53264794c83
Q4182482,Заблоцький Віталій Петрович,2006-05-25,2007-11-23,Q4182482-12103afb-41a5-ec41-71fa-7bfd24ac59c9
Q4184723,Заклунна-Мироненко Валерія Гавриїлівна,2006-05-25,2007-11-23,Q4184723-e19d6c88-4640-8a3b-c541-6df28f4f9a4f
Q4193064,Зозуля Руслан Петрович,2006-05-25,2007-06-15,Q4193064-28a6f6fa-4878-9289-3bdb-ef514e0694d2
Q4194279,Зубець Михайло Васильович,2006-05-25,2007-11-23,Q4194279-25d144f9-4fb0-e75d-8db7-83a3b677a43a
Q4215667,Карпачова Ніна Іванівна,2006-05-25,2007-02-08,Q4215667-6d160266-440a-6092-bd08-a92d562311cc
Q4217364,Катеринчук Микола Дмитрович,2006-05-25,2007-06-08,Q4217364-19a9fd99-4e0d-04ad-fe3c-0c2d871386dc
Q4220006,Ківалов Сергій Васильович,2006-05-25,2007-11-23,Q4220006-412f4550-4820-b7fa-9755-a7be74b42c33
Q4222040,Кисельов Василь Олексійович,2006-05-25,2007-11-23,Q4222040-61ef95c2-48dd-183d-006d-c62652e56802
Q4224957,Князевич Руслан Петрович,2006-05-25,2007-06-08,Q4224957-b9ab2013-41c5-7bf8-0577-8333be366597
Q4227824,Колесніченко Вадим Васильович,2006-05-25,2007-11-23,Q4227824-f498ced3-42e2-4fed-45d2-3d976030adf5
Q4233304,Корнійчук Євген Володимирович,2006-05-25,2007-06-15,Q4233304-dc817884-47ba-e00e-3b8b-ed9cab76349d
Q4235602,Костусєв Олексій Олексійович,2006-05-25,2006-09-05,Q4235602-06394536-498b-d772-5e4b-24532421b959
Q4245576,Куйбіда Василь Степанович,2006-05-25,2007-06-15,Q4245576-2d73797f-4c13-59f1-f106-f0a2bcd40729
Q4248257,Куренной Володимир Костянтинович,2006-05-25,2007-11-23,Q4248257-3e9a8dbf-4d52-d4fe-37d7-b00927451e10
Q4248332,Курило Віталій Семенович,2006-05-25,2007-06-15,Q4248332-23263b9d-40c8-5948-3d6e-aeaa5d17d5aa
Q4248791,Курпіль Степан Володимирович,2006-05-25,2007-06-12,Q4248791-cb860723-4017-3dcb-43b6-d151fc3018b4
Q4249950,Кучеренко Олексій Юрійович,2006-05-25,2007-06-14,Q4249950-e4f2b4f2-462a-849f-9805-8389275b2a02
Q4251923,Лабунська Анжеліка Вікторівна,2006-05-25,2007-06-14,Q4251923-2bad744d-4f7a-eb42-2817-aabec5549ebd
Q4253851,Ландік Володимир Іванович,2006-05-25,2007-11-23,Q4253851-c6d3d388-470d-c569-9bbf-ae1d21c5d97d
Q4253902,Ландик Валентин Іванович,2006-05-25,2007-11-23,Q4253902-0bee95ec-472e-c989-5c86-043be70e75c0
Q4253976,Лановий Володимир Тимофійович,2006-05-25,2007-06-08,Q4253976-6f5c1f31-4062-aa6c-42aa-9ddfdb8395fe
Q4257751,Лелюк Олексій Володимирович,2006-05-25,2007-11-23,Q4257751-8db68982-474b-8a0d-201b-f3fed910aa8a
Q4263631,Літвінов Володимир Григорович,2006-09-14,2007-11-23,Q4263631-7cee706f-49db-a1f5-47ce-f2fbaa976cf2
Q4269203,Лук'янов Владислав Валентинович,2006-05-25,2007-11-23,Q4269203-3da46191-4eb3-8482-af5a-e13e34b0627e
Q4275699,Макеєнко Володимир Володимирович,2006-05-25,2007-11-23,Q4275699-699d34e8-4690-085f-507e-35018c4089fb
Q4284677,Матвієнко Анатолій Сергійович,2006-05-25,2007-06-14,Q4284677-4d780d27-49af-e1f7-3cda-6f446840e416
Q4284682,Матвієнков Сергій Анатолійович,2006-05-25,2007-11-23,Q4284682-40f59d87-42f6-1f53-0ba3-1116350d4686
Q4284684,Матвійчук Едуард Леонідович,2006-05-25,2007-11-23,Q4284684-f78b682c-4476-4cb4-c79a-7659a430a2cd
Q4289793,Мельник Петро Володимирович,2006-05-25,2007-11-23,Q4289793-f850cf51-46fc-12e6-f7c8-f08759566b8f
Q4306010,Єресько Ігор Геннадійович,2006-05-25,2007-06-12,Q4306010-4f559a55-48c8-3692-3b07-ccaaeaba62cd
Q431943,Клюєв Сергій Петрович,2006-05-25,2007-11-23,Q431943-e4d35450-4ee5-184c-2761-dd862e838fd3
Q4333497,Олійник Володимир Миколайович,2006-05-25,2007-11-23,Q4333497-60aabb7a-41cd-2b04-29cb-da236f40851a
Q4333507,Олійник Святослав Васильович,2006-05-25,2007-11-23,Q4333507-a67fd996-4c76-03a6-3857-ec969b7bdc50
Q4334613,Омельченко Григорій Омелянович,2006-06-07,2007-06-15,Q4334613-f507028c-44db-4d4e-c879-3379e99c966e
Q4334929,Оніщук Микола Васильович,2006-05-25,2007-06-08,Q4334929-dd642af5-43fd-ffa4-65a4-4dedb9090ba3
Q4334962,Онопенко Василь Васильович,2006-05-25,2006-10-05,Q4334962-13eb032b-4f0b-da98-4014-c931b484e4cf
Q4337004,Оробець Юрій Миколайович,2006-05-25,2006-10-16,Q4337004-132f4c44-485a-ebcc-c359-3ef021386925
Q4346056,Парубок Омелян Никонович,2006-05-25,2007-11-23,Q4346056-8e281e36-4ffd-0429-864a-fbc6a132d0f4
Q4348130,Пеклушенко Олександр Миколайович,2006-05-25,2007-11-23,Q4348130-d824c088-4229-54a6-6b70-13d1a103cc0a
Q4360704,Петров Борис Федорович (політик),2006-05-25,2007-11-23,Q4360704-7a1733f4-4c54-dd3c-07a4-6c61af7132a1
Q4363606,Писарчук Петро Іванович,2006-05-25,2007-11-23,Q4363606-fce6f017-441c-9110-909d-0ad0c7a6dbda
Q4363659,Піскун Святослав Михайлович,2006-05-25,2007-11-23,Q4363659-2b783059-4e25-5fd5-bc2c-22a115480423
Q4368726,Поживанов Михайло Олександрович,2006-05-25,2007-06-08,Q4368726-51bdc343-4048-ca24-ae77-8c9d23d536c2
Q4370711,Полохало Володимир Іванович,2006-05-25,2007-06-12,Q4370711-267c270e-4bab-ffcc-8ecd-cd8672953504
Q4371618,Поляченко Володимир Аврумович,2006-05-25,2007-06-08,Q4371618-0f262851-48dd-6ac4-db8b-d60e02eafe21
Q4373277,Портнов Андрій Володимирович (політик),2006-05-25,2007-06-15,Q4373277-d2eec3a0-463e-b754-71e0-7219b2d67ddc
Q4376467,Прасолов Ігор Миколайович,2006-05-25,2007-11-23,Q4376467-70ce5285-471f-39bc-9d57-bdf2a0747aa0
Q4399787,Рудьковський Микола Миколайович,2006-05-25,2006-09-12,Q4399787-1b7608ee-4fe4-87ab-e30c-ffdbdc3dddf3
Q4401406,Рибаков Ігор Олександрович,2006-05-25,2007-06-12,Q4401406-01e77c69-486e-87fb-0a03-23e79c538e3d
Q4401853,Рижук Сергій Миколайович,2006-05-25,2007-11-23,Q4401853-20368681-4795-375c-d67d-8852f476dc4e
Q4404328,Олександр Володимирович Савчук,2006-05-25,2007-11-23,Q4404328-64e8df1e-4a24-9cdc-1af5-7147a5e199b7
Q4405676,Саламатін Дмитро Альбертович,2006-05-25,2007-11-23,Q4405676-8a0515b3-43aa-80e4-37a4-f321e4b9fd4f
Q4411301,Святаш Дмитро Володимирович,2006-05-25,2007-11-23,Q4411301-a29282e5-40e8-d1d4-e962-d6243f2c8b2e
Q4416410,Сенченко Андрій Віленович,2006-05-25,2007-06-19,Q4416410-6b167979-4cb6-2bf0-e307-2a423274ce6d
Q4422655,Скубашевський Станіслав Валеріанович,2006-05-25,2007-11-23,Q4422655-4a1cf4a6-4096-aa3d-2338-9aa51c1fb118
Q4422672,Скудар Георгій Маркович,2006-05-25,2007-11-23,Q4422672-1581dcad-467e-ba04-363e-7475f09e5743
Q442391,Королевська Наталія Юріївна,2006-05-25,2007-06-15,Q442391-b5b96d92-46c6-cc34-8f09-138444b1dc28
Q4428508,Солтус Павло Станіславович,2007-02-06,2007-11-23,Q4428508-440dd68e-40da-d62f-a054-3c160ef60ddb
Q443471,Симоненко Петро Миколайович,2006-05-25,2007-11-23,Q443471-6a25a961-4061-aa26-1851-23f8f65e0f4a
Q4437986,Сподаренко Іван Васильович,2006-05-25,2007-11-23,Q4437986-1fd5b8f9-4f85-4907-1edc-4a4c644ad4d7
Q4441236,Стасів Любов Володимирівна,2006-05-25,2007-11-23,Q4441236-274af377-4c00-4d01-44b1-49d965808903
Q4443218,Стоян Олександр Миколайович,2006-05-25,2007-11-23,Q4443218-ddbb876b-4890-cc7d-0a8b-34bb13d55712
Q4443903,Стретович Володимир Миколайович,2006-05-25,2007-06-15,Q4443903-cede131c-4c0b-ca14-7e69-26a372d2767f
Q4447520,Сушкевич Валерій Михайлович,2006-05-25,2007-06-12,Q4447520-fde3c78a-44ba-ef5e-5c9c-5ff1e7e7b001
Q4449226,Табачник Ян,2006-05-25,2007-11-23,Q4449226-9b59d190-4606-5ef2-9354-21d99df1bd04
Q444942,Білозір Оксана Володимирівна,2006-05-25,2007-06-08,Q444942-4f1c6167-490b-eedd-d707-5938e97d9679
Q4451376,Танюк Леонід Степанович,2006-05-25,2007-11-23,Q4451376-70cf75bb-49eb-7508-6755-15d543ca612d
Q4456383,Терьохін Сергій Анатолійович,2006-05-25,2007-06-15,Q4456383-7e196c5c-4d2a-86f1-a132-a7589cc0717a
Q4458673,Тихонов Віктор Миколайович,2006-05-25,2007-11-23,Q4458673-c616e2be-4869-5614-a3d7-5c44ab769d12
Q4462679,Третьяков Олександр Юрійович,2006-05-25,2007-06-14,Q4462679-1ba5aeac-42d6-3b22-9cdc-5c23cb1a7ddf
Q4465177,Тулуб Сергій Борисович,2006-05-25,2006-09-12,Q4465177-ae79bc7c-4bc1-977f-fa90-aa9e4ea9ebd1
Q4473001,Сивульський Микола Іванович,2006-05-25,2007-06-12,Q4473001-4d3b3dbb-438d-1b5f-fa09-03672f8977d0
Q4482504,Фельдман Олександр Борисович,2006-05-25,2007-06-15,Q4482504-b5ca9033-4c43-8826-2c99-6f8b0f2810f6
Q4495663,Хара Василь Георгійович,2006-05-25,2007-11-23,Q4495663-fcace210-4610-a89f-e2b5-83c163cb5e57
Q450278,Богатирьова Раїса Василівна,2006-05-25,2007-11-23,Q450278-8afb3bd6-45b4-304b-08b9-d024d5ee1ee7
Q4503314,Царьов Олег Анатолійович,2006-06-14,2007-11-23,Q4503314-8d495c0e-4d86-648e-c2a2-d8bda7333abc
Q4512349,Червонописький Сергій Васильович,2006-05-25,2007-11-23,Q4512349-9f0f0a11-4fb7-7003-c448-213d2168df33
Q4515350,Чечетов Михайло Васильович,2006-05-25,2007-11-23,Q4515350-07aab0de-432c-8270-b98b-888e38b0d8f6
Q4523595,Шибко Віталій Якович,2006-05-25,2007-11-23,Q4523595-79bf088d-4426-ecdc-8048-f50a60cb4b75
Q4524986,Шкіря Ігор Миколайович,2006-05-25,2007-11-23,Q4524986-8a436967-43ab-8eb6-cc67-e77bf68b9524
Q4528881,Щербань Артем Володимирович,2006-05-25,2007-11-23,Q4528881-ba809041-47df-1c2b-c946-66d9dd18fe53
Q4535621,Ющенко Петро Андрійович,2006-05-25,2007-06-14,Q4535621-3cc591db-4aa2-6bb4-bdaf-aab989b567af
Q4538140,Янковський Микола Андрійович,2006-05-25,2007-11-23,Q4538140-493e11e3-4a24-0ef2-2dd6-c62ddeaf4970
Q4730239,Александровська Алла Олександрівна,2006-05-25,2007-11-23,Q4730239-fb2f7d4b-4f0d-c2c6-4a2d-9c156905fa41
Q4759250,Веревський Андрій Михайлович,2006-05-25,2007-06-14,Q4759250-3a4939fc-481a-66ef-b63f-5c9d67af8201
Q48283,Юлія Володимирівна Тимошенко,2006-05-25,2007-06-14,Q48283-43138225-4da0-9044-53fc-04b39d7f0436
Q4845353,Костенко Павло Іванович,2006-05-25,2007-06-12,Q4845353-28dea288-4601-dd60-91b8-cfcb15e32851
Q488180,Кінах Анатолій Кирилович,2006-05-25,2007-04-05,Q488180-254d5b87-41cd-2502-aa46-5e8893083c02
Q510926,Клюєв Андрій Петрович,2006-05-25,2006-09-12,Q510926-b5c8b22f-4056-5172-fa62-ffc88b2f2a4c
Q526873,Волков Олександр Анатолійович,2006-05-25,2007-11-23,Q526873-275f9460-412d-5a3f-4872-69bf0141a216
Q561122,Мороз Олександр Олександрович,2006-05-25,2007-11-23,Q561122-5d61868d-4ba0-50ae-7c34-7fc6a9470af1
Q57590,Азаров Микола Янович,2006-05-25,2006-09-12,Q57590-ccedcdd0-4c64-027f-6f1c-9aeca7186cd6
Q58077,Порошенко Петро Олексійович,2006-05-25,2007-06-15,Q58077-629e045a-409d-1539-cf27-64b18381b525
Q5993113,Алексєєв Ігор Вікторович,2006-05-25,2007-11-23,Q5993113-ae474128-495f-a446-773f-0366cc039009
Q60805,Ахметов Рінат Леонідович,2006-05-25,2007-11-23,Q60805-f659d01c-4a99-7a2d-c49e-f7b82a0efff3
Q6356452,Буряк Сергій Васильович,2006-05-25,2007-06-19,Q6356452-b2158821-4384-2910-e71d-ebc80e253c74
Q6526378,Клімов Леонід Михайлович,2006-05-25,2007-11-23,Q6526378-3b5e1ed8-47e4-48cc-a2c3-407ad07caaa5
Q6534696,Бірюк Лев Васильович,2006-05-25,2007-06-12,Q6534696-77bf8881-4987-0096-bcb1-7391d1c99cb3
Q6699383,Ткаченко Володимир Володимирович,2006-05-25,2007-11-23,Q6699383-17b2fed0-4d26-bd8e-af7d-483b36012cbf
Q704326,Колесніков Борис Вікторович,2006-05-25,2007-11-23,Q704326-6a395772-4200-acba-6930-02fb88597f00
Q7086226,Бондар Олександр Миколайович,2006-05-25,2007-06-14,Q7086226-afa5ddf2-4533-6a19-87a8-97e6b747580f
Q7086352,Бондаренко Олена Федорівна,2006-05-25,2007-06-12,Q7086352-1678e175-4604-d652-3ac0-21a1eb9547d3
Q7086543,Боднар Ольга Борисівна,2006-05-25,2007-06-12,Q7086543-b95b561e-489e-cf67-98fc-27c186dae29c
Q7238508,Литвинов Леонід Федорович,2006-05-25,2007-11-23,Q7238508-82c41fe8-45ea-956c-fd90-ed58e84a0ae5
Q7260585,Кальченко Валерій Михайлович,2006-05-25,2007-06-12,Q7260585-fee277fd-4c50-0cf1-cc73-75741d3ac625
Q7269267,Засуха Тетяна Володимирівна,2006-05-25,2007-11-23,Q7269267-0e11992d-4a34-b78d-77b9-8d2b672f6cb3
Q7286384,Головатий Сергій Петрович,2006-05-25,2007-11-23,Q7286384-b8397c54-47cb-55c8-d2d0-f09b5f66a251
Q7296702,Сафіуллін Равіль Сафович,2006-05-25,2007-11-23,Q7296702-0f2d9144-42d2-58c6-4a8b-45a4224ab849
Q735699,Джемілєв Мустафа,2006-05-25,2007-06-15,Q735699-155c1922-4da0-5cff-f0d0-021f01dbd8c6
Q74023,Денісова Людмила Леонтіївна,2006-05-25,2007-06-19,Q74023-63404368-4d75-7422-6112-924fb440cd0d
Q751757,Лукаш Олена Леонідівна,2006-05-25,2007-01-11,Q751757-39d1fb86-4876-95a7-c5ec-0070ccd460d6
Q761284,Тедеєв Ельбрус Сосланович,2006-05-25,2007-11-23,Q761284-9e838eab-49b5-2157-abe6-5cd770522bfe
Q7686020,Васадзе Таріел Шакрович,2006-05-25,2007-06-19,Q7686020-219b12d0-4a05-cf27-55d4-ffd9d3862daa
Q7688534,Бахтеєва Тетяна Дмитрівна,2006-05-25,2007-11-23,Q7688534-11c2d168-4f55-53db-fbfd-2a76474934b6
Q7911469,Бевзенко Валерій Федорович,2006-05-25,2007-11-23,Q7911469-aa8e3233-41b5-9174-ec0b-219d369fa1e2
Q7911470,Бондик Валерій Анатолійович,2006-05-25,2007-03-15,Q7911470-9bc8864a-44d6-de78-4acb-7352fa142e2e
Q7911472,Борисов Валерій Дмитрович,2006-05-25,2007-06-15,Q7911472-305acc3f-49e2-0598-c30b-53fa2e651cca
Q7929651,Бондаренко Віктор Вікторович (політик),2006-05-25,2007-11-23,Q7929651-2a046cb3-4a8c-aca7-07a1-6b9b01cae3be
Q83996,Абдуллін Олександр Рафкатович,2006-05-25,2007-06-19,Q83996-c9c8f6ea-476a-3c07-f54c-67cbbbe0e480
Q892623,Рибак Володимир Васильович,2006-05-25,2006-09-12,Q892623-546d4cdb-4f85-0492-8e9a-466812c8827d
Q894312,Тарасюк Борис Іванович,2006-05-25,2006-09-12,Q894312-7b2f3881-41b2-6c3e-8f27-45a9150f28a9
Q9101237,Петрук Микола Миколайович,2006-05-25,2007-06-12,Q9101237-fbe4f78c-4841-ceae-b172-382e9e056545
Q9139980,Мартинюк Адам Іванович,2006-05-25,2007-11-23,Q9139980-2442471f-4d71-9821-796e-5c569de85c9d
Q9195258,Пєрєдєрій В'ячеслав Григорович,2006-05-25,2007-06-12,Q9195258-26906b4d-47d9-9a58-b673-5c4ed95cb822
Q9195285,Давимука Степан Антонович,2006-05-25,2007-06-15,Q9195285-abab0a58-4ea9-a5f3-de8c-b9ab2e723c09
Q9195369,Осика Сергій Григорович,2006-05-25,2007-06-15,Q9195369-eeb208bc-493c-c20a-70b8-d3ce2dc53369
Q920728,Ткаченко Олександр Миколайович,2006-05-25,2007-11-23,Q920728-2141736b-41ca-c474-8b64-e63269f21668
Q9258388,Шпиг Федір Іванович,2006-05-25,2007-06-15,Q9258388-29d72474-4f2a-46c9-55de-6746a938e9bd
Q927269,Звягільський Юхим Леонідович,2006-05-25,2007-11-23,Q927269-6a10c000-49d9-ecfc-aaad-48f23730deb8
Q9335555,Шевчук Сергій Володимирович,2006-05-25,2007-06-12,Q9335555-0f800853-4e45-fc19-f9fa-7c81dc5b2834
Q9343112,Сташевський Станіслав Телісфорович,2006-05-25,2007-06-08,Q9343112-d11f6daa-4114-2e77-eb2c-a0854d151406
Q9371472,Гуреєв Василь Миколайович,2006-05-25,2007-11-23,Q9371472-69113baa-4ec4-f186-7bec-3bd123da6d24
Q9371474,Ядуха Василь Степанович,2006-05-25,2007-11-23,Q9371474-b6bffa89-4e43-1361-a824-97d34c87d6c8
Q9374171,Тополов Віктор Семенович,2006-05-25,2007-06-19,Q9374171-8beaff36-4443-6df4-d4df-3e68722cd923
Q9391943,Шишкіна Зоя Леонідівна,2006-05-25,2007-06-12,Q9391943-88f024dc-4a13-2751-b61e-38afcff0355e
Q966820,Зварич Роман Михайлович,2006-05-25,2006-09-14,Q966820-a44be5f3-4d13-17bb-9f4f-d8be52fa83bd
